iter	F1	Logloss
0	0.5479378682	0.6445044279
1	0.6021560575	0.6111519491
