iter	F1	Logloss
0	0.5769466049	0.676579192
1	0.6223805185	0.6626472587
2	0.6332319329	0.6502325784
3	0.6357148716	0.6378564117
4	0.6622357463	0.6275834116
5	0.6793585591	0.6176760343
6	0.6750200803	0.6086195108
7	0.6770390569	0.6005965048
8	0.6882231732	0.5929281488
9	0.7011628814	0.585388194
10	0.7003125	0.5778093721
11	0.6949526814	0.5718677861
12	0.7126686308	0.5664719104
