iter	F1	Logloss
0	0.5479378682	0.6771925703
1	0.5872082973	0.6632762397
2	0.5993179881	0.6507062782
3	0.6258026853	0.6376025697
4	0.6397284094	0.6266988749
5	0.6492353231	0.6167688966
6	0.6576237947	0.6083324186
7	0.6656950854	0.5995581319
8	0.6718901454	0.5914768876
9	0.6852118305	0.5838496396
10	0.7004819467	0.5772025032
11	0.6991367704	0.5711604013
